{
  "manifest": {
    "publishingInformation": {
      "locales": {
        "en-US": {
          "summary": "Sample Short Description",
          "examplePhrases": [
            "Alexa open template ten",
            "Alexa start template ten",
            "Alexa launch template ten"
          ],
          "keywords": [],
          "name": "dynamo skill",
          "description": "Sample Full Description",
          "smallIconUri": "file://assets/images/en-US_smallIconUri.png",
          "largeIconUri": "file://assets/images/en-US_largeIconUri.png"
        }
      },
      "automaticDistribution": {
        "isActive": false
      },
      "isAvailableWorldwide": true,
      "testingInstructions": "Sample Testing Instructions.",
      "category": "EDUCATION_AND_REFERENCE",
      "distributionCountries": []
    },
    "apis": {
      "custom": {
        "endpoint": {
          "uri": "arn:aws:lambda:us-east-1:384254416382:function:ffe2629f-ec57-4dbd-b3bb-8057ddce331a:Release_0"
        },
        "interfaces": [],
        "regions": {
          "EU": {
            "endpoint": {
              "uri": "arn:aws:lambda:eu-west-1:384254416382:function:ffe2629f-ec57-4dbd-b3bb-8057ddce331a:Release_0"
            }
          },
          "NA": {
            "endpoint": {
              "uri": "arn:aws:lambda:us-east-1:384254416382:function:ffe2629f-ec57-4dbd-b3bb-8057ddce331a:Release_0"
            }
          },
          "FE": {
            "endpoint": {
              "uri": "arn:aws:lambda:us-west-2:384254416382:function:ffe2629f-ec57-4dbd-b3bb-8057ddce331a:Release_0"
            }
          }
        }
      }
    },
    "manifestVersion": "1.0",
    "privacyAndCompliance": {
      "locales": {
        "en-US": {}
      }
    }
  }
}