{
  "interactionModel": {
    "languageModel": {
      "invocationName": "dynamo skill",
      "intents": [
        {
          "name": "AMAZON.NavigateHomeIntent",
          "samples": []
        },
        {
          "name": "AMAZON.CancelIntent",
          "samples": []
        },
        {
          "name": "AMAZON.HelpIntent",
          "samples": []
        },
        {
          "name": "AMAZON.StopIntent",
          "samples": []
        },
        {
          "name": "AMAZON.FallbackIntent",
          "samples": []
        },
        {
          "name": "AMAZON.RepeatIntent",
          "samples": []
        },
        {
          "name": "MyNameIsIntent",
          "slots": [
            {
              "name": "UserNameSlot",
              "type": "AMAZON.FirstName"
            }
          ],
          "samples": [
            "{UserNameSlot}",
            "{UserNameSlot} is my name",
            "my name is {UserNameSlot}",
            "i am {UserNameSlot}",
            "you can call me {UserNameSlot}"
          ]
        },
        {
          "name": "WhatsMyNameIntent",
          "slots": [],
          "samples": [
            "do you know my name",
            "tell me my name",
            "tell my name",
            "what\u0027s my name",
            "repeat my name",
            "what is my name"
          ]
        },
        {
          "name": "UpdateNameIntent",
          "slots": [
            {
              "name": "NewNameSlot",
              "type": "AMAZON.FirstName"
            }
          ],
          "samples": [
            "new name is {NewNameSlot}",
            "update name to {NewNameSlot}",
            "change name to {NewNameSlot}",
            "my new name is {NewNameSlot}",
            "update my name to {NewNameSlot}",
            "change my name to {NewNameSlot}"
          ]
        },
        {
          "name": "DeleteNameIntent",
          "slots": [],
          "samples": [
            "delete name",
            "delete name from database",
            "delete my name from the database",
            "remove my name from the database",
            "delete",
            "delete my name"
          ]
        },
        {
          "name": "EnergyGeneratedToday",
          "slots": [],
          "samples": [
            "what is the energy generated by solar panels today",
            "how much energy did solar panels generate today",
            "report the energy generated by the panels today",
            "how many KWh did my panels generate today"
          ]
        },
        {
          "name": "CheckFaultyInverter",
          "slots": [],
          "samples": [
            "Are my solar panels working in vindhya working",
            "what\u0027s the status of my solar panels in vindhya",
            "report the status of my solar panels in vindhya",
            "Is there something wrong with the solar panels",
            "Report the integrity of the panels in vindhya",
            "is there any abnormality with the panels",
            "Are the solar panels working fine",
            "Do you think the solar panels need any work"
          ]
        },
        {
          "name": "RetrieveLatestInstance",
          "slots": [],
          "samples": [
            "Give me the lastest instance of data for the panels",
            "what\u0027s the latest instance on the server",
            "what is the solar panel reading right now",
            "Report the latest instance on the server",
            "Report the current solar panel readings"
          ]
        },
        {
          "name": "NLatestInstances",
          "slots": [
            {
              "name": "count",
              "type": "AMAZON.NUMBER"
            }
          ],
          "samples": [
            "Give me the data for {count} instances",
            "Retrieve {count} latest instances",
            "Retrieve {count} recent instances"
          ]
        }
      ],
      "types": [],
      "modelConfiguration": {
        "fallbackIntentSensitivity": {
          "level": "LOW"
        }
      }
    }
  },
  "version": "4"
}